{
  "manufacturer": "Panasonic",
  "supportedModels": [
    "all"
  ],
  "supportedController": "MQTT",
  "commandsEncoding": "Raw",
  "minTemperature": 16.0,
  "maxTemperature": 30.0,
  "precision": 1.0,
  "operationModes": [
    "heat",
    "cool",
    "dry",
    "auto"
  ],
  "fanModes": [
    "low",
    "medium",
    "high",
    "auto"
  ],
  "commands": {
    "off": "OFFauto",
    "auto": {
      "low": {
        "16": "on_auto_Auto_16_auto_auto",
        "17": "on_auto_Auto_17_auto_auto",
        "18": "on_auto_Auto_18_auto_auto",
        "19": "on_auto_Auto_19_auto_auto",
        "20": "on_auto_Auto_20_auto_auto",
        "21": "on_auto_Auto_21_auto_auto",
        "22": "on_auto_Auto_22_auto_auto",
        "23": "on_auto_Auto_23_auto_auto",
        "24": "on_auto_Auto_24_auto_auto",
        "25": "on_auto_Auto_25_auto_auto",
        "26": "on_auto_Auto_26_auto_auto",
        "27": "on_auto_Auto_27_auto_auto",
        "28": "on_auto_Auto_28_auto_auto",
        "29": "on_auto_Auto_29_auto_auto",
        "30": "on_auto_Auto_30_auto_auto"
      },
      "medium": {
        "16": "on_auto_Auto_16_auto_auto",
        "17": "on_auto_Auto_17_auto_auto",
        "18": "on_auto_Auto_18_auto_auto",
        "19": "on_auto_Auto_19_auto_auto",
        "20": "on_auto_Auto_20_auto_auto",
        "21": "on_auto_Auto_21_auto_auto",
        "22": "on_auto_Auto_22_auto_auto",
        "23": "on_auto_Auto_23_auto_auto",
        "24": "on_auto_Auto_24_auto_auto",
        "25": "on_auto_Auto_25_auto_auto",
        "26": "on_auto_Auto_26_auto_auto",
        "27": "on_auto_Auto_27_auto_auto",
        "28": "on_auto_Auto_28_auto_auto",
        "29": "on_auto_Auto_29_auto_auto",
        "30": "on_auto_Auto_30_auto_auto"
      },
      "high": {
        "16": "on_auto_Auto_16_auto_auto",
        "17": "on_auto_Auto_17_auto_auto",
        "18": "on_auto_Auto_18_auto_auto",
        "19": "on_auto_Auto_19_auto_auto",
        "20": "on_auto_Auto_20_auto_auto",
        "21": "on_auto_Auto_21_auto_auto",
        "22": "on_auto_Auto_22_auto_auto",
        "23": "on_auto_Auto_23_auto_auto",
        "24": "on_auto_Auto_24_auto_auto",
        "25": "on_auto_Auto_25_auto_auto",
        "26": "on_auto_Auto_26_auto_auto",
        "27": "on_auto_Auto_27_auto_auto",
        "28": "on_auto_Auto_28_auto_auto",
        "29": "on_auto_Auto_29_auto_auto",
        "30": "on_auto_Auto_30_auto_auto"
      },
      "auto": {
        "16": "on_auto_Auto_16_auto_auto",
        "17": "on_auto_Auto_17_auto_auto",
        "18": "on_auto_Auto_18_auto_auto",
        "19": "on_auto_Auto_19_auto_auto",
        "20": "on_auto_Auto_20_auto_auto",
        "21": "on_auto_Auto_21_auto_auto",
        "22": "on_auto_Auto_22_auto_auto",
        "23": "on_auto_Auto_23_auto_auto",
        "24": "on_auto_Auto_24_auto_auto",
        "25": "on_auto_Auto_25_auto_auto",
        "26": "on_auto_Auto_26_auto_auto",
        "27": "on_auto_Auto_27_auto_auto",
        "28": "on_auto_Auto_28_auto_auto",
        "29": "on_auto_Auto_29_auto_auto",
        "30": "on_auto_Auto_30_auto_auto"
      }
    },
    "dry": {
      "low": {
        "16": "on_auto_Dry_16_auto_auto",
        "17": "on_auto_Dry_17_auto_auto",
        "18": "on_auto_Dry_18_auto_auto",
        "19": "on_auto_Dry_19_auto_auto",
        "20": "on_auto_Dry_20_auto_auto",
        "21": "on_auto_Dry_21_auto_auto",
        "22": "on_auto_Dry_22_auto_auto",
        "23": "on_auto_Dry_23_auto_auto",
        "24": "on_auto_Dry_24_auto_auto",
        "25": "on_auto_Dry_25_auto_auto",
        "26": "on_auto_Dry_26_auto_auto",
        "27": "on_auto_Dry_27_auto_auto",
        "28": "on_auto_Dry_28_auto_auto",
        "29": "on_auto_Dry_29_auto_auto",
        "30": "on_auto_Dry_30_auto_auto"
      },
      "medium": {
        "16": "on_auto_Dry_16_auto_auto",
        "17": "on_auto_Dry_17_auto_auto",
        "18": "on_auto_Dry_18_auto_auto",
        "19": "on_auto_Dry_19_auto_auto",
        "20": "on_auto_Dry_20_auto_auto",
        "21": "on_auto_Dry_21_auto_auto",
        "22": "on_auto_Dry_22_auto_auto",
        "23": "on_auto_Dry_23_auto_auto",
        "24": "on_auto_Dry_24_auto_auto",
        "25": "on_auto_Dry_25_auto_auto",
        "26": "on_auto_Dry_26_auto_auto",
        "27": "on_auto_Dry_27_auto_auto",
        "28": "on_auto_Dry_28_auto_auto",
        "29": "on_auto_Dry_29_auto_auto",
        "30": "on_auto_Dry_30_auto_auto"
      },
      "high": {
        "16": "on_auto_Dry_16_auto_auto",
        "17": "on_auto_Dry_17_auto_auto",
        "18": "on_auto_Dry_18_auto_auto",
        "19": "on_auto_Dry_19_auto_auto",
        "20": "on_auto_Dry_20_auto_auto",
        "21": "on_auto_Dry_21_auto_auto",
        "22": "on_auto_Dry_22_auto_auto",
        "23": "on_auto_Dry_23_auto_auto",
        "24": "on_auto_Dry_24_auto_auto",
        "25": "on_auto_Dry_25_auto_auto",
        "26": "on_auto_Dry_26_auto_auto",
        "27": "on_auto_Dry_27_auto_auto",
        "28": "on_auto_Dry_28_auto_auto",
        "29": "on_auto_Dry_29_auto_auto",
        "30": "on_auto_Dry_30_auto_auto"
      },
      "auto": {
        "16": "on_auto_Dry_16_auto_auto",
        "17": "on_auto_Dry_17_auto_auto",
        "18": "on_auto_Dry_18_auto_auto",
        "19": "on_auto_Dry_19_auto_auto",
        "20": "on_auto_Dry_20_auto_auto",
        "21": "on_auto_Dry_21_auto_auto",
        "22": "on_auto_Dry_22_auto_auto",
        "23": "on_auto_Dry_23_auto_auto",
        "24": "on_auto_Dry_24_auto_auto",
        "25": "on_auto_Dry_25_auto_auto",
        "26": "on_auto_Dry_26_auto_auto",
        "27": "on_auto_Dry_27_auto_auto",
        "28": "on_auto_Dry_28_auto_auto",
        "29": "on_auto_Dry_29_auto_auto",
        "30": "on_auto_Dry_30_auto_auto"
      }
    },
    "heat": {
      "low": {
        "16": "on_auto_Heat_16_auto_auto",
        "17": "on_auto_Heat_17_auto_auto",
        "18": "on_auto_Heat_18_auto_auto",
        "19": "on_auto_Heat_19_auto_auto",
        "20": "on_auto_Heat_20_auto_auto",
        "21": "on_auto_Heat_21_auto_auto",
        "22": "on_auto_Heat_22_auto_auto",
        "23": "on_auto_Heat_23_auto_auto",
        "24": "on_auto_Heat_24_auto_auto",
        "25": "on_auto_Heat_25_auto_auto",
        "26": "on_auto_Heat_26_auto_auto",
        "27": "on_auto_Heat_27_auto_auto",
        "28": "on_auto_Heat_28_auto_auto",
        "29": "on_auto_Heat_29_auto_auto",
        "30": "on_auto_Heat_30_auto_auto"
      },
      "medium": {
        "16": "on_auto_Heat_16_auto_auto",
        "17": "on_auto_Heat_17_auto_auto",
        "18": "on_auto_Heat_18_auto_auto",
        "19": "on_auto_Heat_19_auto_auto",
        "20": "on_auto_Heat_20_auto_auto",
        "21": "on_auto_Heat_21_auto_auto",
        "22": "on_auto_Heat_22_auto_auto",
        "23": "on_auto_Heat_23_auto_auto",
        "24": "on_auto_Heat_24_auto_auto",
        "25": "on_auto_Heat_25_auto_auto",
        "26": "on_auto_Heat_26_auto_auto",
        "27": "on_auto_Heat_27_auto_auto",
        "28": "on_auto_Heat_28_auto_auto",
        "29": "on_auto_Heat_29_auto_auto",
        "30": "on_auto_Heat_30_auto_auto"
      },
      "high": {
        "16": "on_auto_Heat_16_auto_auto",
        "17": "on_auto_Heat_17_auto_auto",
        "18": "on_auto_Heat_18_auto_auto",
        "19": "on_auto_Heat_19_auto_auto",
        "20": "on_auto_Heat_20_auto_auto",
        "21": "on_auto_Heat_21_auto_auto",
        "22": "on_auto_Heat_22_auto_auto",
        "23": "on_auto_Heat_23_auto_auto",
        "24": "on_auto_Heat_24_auto_auto",
        "25": "on_auto_Heat_25_auto_auto",
        "26": "on_auto_Heat_26_auto_auto",
        "27": "on_auto_Heat_27_auto_auto",
        "28": "on_auto_Heat_28_auto_auto",
        "29": "on_auto_Heat_29_auto_auto",
        "30": "on_auto_Heat_30_auto_auto"
      },
      "auto": {
        "16": "on_auto_Heat_16_auto_auto",
        "17": "on_auto_Heat_17_auto_auto",
        "18": "on_auto_Heat_18_auto_auto",
        "19": "on_auto_Heat_19_auto_auto",
        "20": "on_auto_Heat_20_auto_auto",
        "21": "on_auto_Heat_21_auto_auto",
        "22": "on_auto_Heat_22_auto_auto",
        "23": "on_auto_Heat_23_auto_auto",
        "24": "on_auto_Heat_24_auto_auto",
        "25": "on_auto_Heat_25_auto_auto",
        "26": "on_auto_Heat_26_auto_auto",
        "27": "on_auto_Heat_27_auto_auto",
        "28": "on_auto_Heat_28_auto_auto",
        "29": "on_auto_Heat_29_auto_auto",
        "30": "on_auto_Heat_30_auto_auto"
      }
    },
    "cool": {
      "low": {
        "16": "on_auto_Cool_16_auto_auto",
        "17": "on_auto_Cool_17_auto_auto",
        "18": "on_auto_Cool_18_auto_auto",
        "19": "on_auto_Cool_19_auto_auto",
        "20": "on_auto_Cool_20_auto_auto",
        "21": "on_auto_Cool_21_auto_auto",
        "22": "on_auto_Cool_22_auto_auto",
        "23": "on_auto_Cool_23_auto_auto",
        "24": "on_auto_Cool_24_auto_auto",
        "25": "on_auto_Cool_25_auto_auto",
        "26": "on_auto_Cool_26_auto_auto",
        "27": "on_auto_Cool_27_auto_auto",
        "28": "on_auto_Cool_28_auto_auto",
        "29": "on_auto_Cool_29_auto_auto",
        "30": "on_auto_Cool_30_auto_auto"
      },
      "medium": {
        "16": "on_auto_Cool_16_auto_auto",
        "17": "on_auto_Cool_17_auto_auto",
        "18": "on_auto_Cool_18_auto_auto",
        "19": "on_auto_Cool_19_auto_auto",
        "20": "on_auto_Cool_20_auto_auto",
        "21": "on_auto_Cool_21_auto_auto",
        "22": "on_auto_Cool_22_auto_auto",
        "23": "on_auto_Cool_23_auto_auto",
        "24": "on_auto_Cool_24_auto_auto",
        "25": "on_auto_Cool_25_auto_auto",
        "26": "on_auto_Cool_26_auto_auto",
        "27": "on_auto_Cool_27_auto_auto",
        "28": "on_auto_Cool_28_auto_auto",
        "29": "on_auto_Cool_29_auto_auto",
        "30": "on_auto_Cool_30_auto_auto"
      },
      "high": {
        "16": "on_auto_Cool_16_auto_auto",
        "17": "on_auto_Cool_17_auto_auto",
        "18": "on_auto_Cool_18_auto_auto",
        "19": "on_auto_Cool_19_auto_auto",
        "20": "on_auto_Cool_20_auto_auto",
        "21": "on_auto_Cool_21_auto_auto",
        "22": "on_auto_Cool_22_auto_auto",
        "23": "on_auto_Cool_23_auto_auto",
        "24": "on_auto_Cool_24_auto_auto",
        "25": "on_auto_Cool_25_auto_auto",
        "26": "on_auto_Cool_26_auto_auto",
        "27": "on_auto_Cool_27_auto_auto",
        "28": "on_auto_Cool_28_auto_auto",
        "29": "on_auto_Cool_29_auto_auto",
        "30": "on_auto_Cool_30_auto_auto"
      },
      "auto": {
        "16": "on_auto_Cool_16_auto_auto",
        "17": "on_auto_Cool_17_auto_auto",
        "18": "on_auto_Cool_18_auto_auto",
        "19": "on_auto_Cool_19_auto_auto",
        "20": "on_auto_Cool_20_auto_auto",
        "21": "on_auto_Cool_21_auto_auto",
        "22": "on_auto_Cool_22_auto_auto",
        "23": "on_auto_Cool_23_auto_auto",
        "24": "on_auto_Cool_24_auto_auto",
        "25": "on_auto_Cool_25_auto_auto",
        "26": "on_auto_Cool_26_auto_auto",
        "27": "on_auto_Cool_27_auto_auto",
        "28": "on_auto_Cool_28_auto_auto",
        "29": "on_auto_Cool_29_auto_auto",
        "30": "on_auto_Cool_30_auto_auto"
      }
    }
  }
}
